Campaign,Keyword,Criterion Type
Suraksha Neurosurgery - Search,free,Broad
Suraksha Neurosurgery - Search,jobs,Broad
Suraksha Neurosurgery - Search,job vacancy,Broad
Suraksha Neurosurgery - Search,salary,Broad
Suraksha Neurosurgery - Search,recruitment,Broad
Suraksha Neurosurgery - Search,course,Broad
Suraksha Neurosurgery - Search,courses,Broad
Suraksha Neurosurgery - Search,fellowship,Broad
Suraksha Neurosurgery - Search,admission,Broad
Suraksha Neurosurgery - Search,medical college,Broad
Suraksha Neurosurgery - Search,syllabus,Broad
Suraksha Neurosurgery - Search,exam,Broad
Suraksha Neurosurgery - Search,neet,Broad
Suraksha Neurosurgery - Search,mbbs admission,Broad
Suraksha Neurosurgery - Search,internship,Broad
Suraksha Neurosurgery - Search,nursing,Broad
Suraksha Neurosurgery - Search,veterinary,Broad
Suraksha Neurosurgery - Search,dog,Broad
Suraksha Neurosurgery - Search,cat,Broad
Suraksha Neurosurgery - Search,animal,Broad
Suraksha Neurosurgery - Search,dental,Broad
Suraksha Neurosurgery - Search,dentist,Broad
Suraksha Neurosurgery - Search,cardiology,Broad
Suraksha Neurosurgery - Search,cardiologist,Broad
Suraksha Neurosurgery - Search,gynecologist,Broad
Suraksha Neurosurgery - Search,dermatologist,Broad
Suraksha Neurosurgery - Search,psychiatrist,Broad
Suraksha Neurosurgery - Search,physiotherapy,Broad
Suraksha Neurosurgery - Search,yoga,Broad
Suraksha Neurosurgery - Search,ayurveda,Broad
Suraksha Neurosurgery - Search,homeopathy,Broad
Suraksha Neurosurgery - Search,home remedy,Broad
Suraksha Neurosurgery - Search,exercises,Broad
Suraksha Neurosurgery - Search,wikipedia,Broad
Suraksha Neurosurgery - Search,meaning,Broad
Suraksha Neurosurgery - Search,definition,Broad
Suraksha Neurosurgery - Search,pdf,Broad
Suraksha Neurosurgery - Search,ppt,Broad
Suraksha Neurosurgery - Search,images,Broad
Suraksha Neurosurgery - Search,insurance claim,Broad
Suraksha Neurosurgery - Search,hyderabad,Broad
Suraksha Neurosurgery - Search,bangalore,Broad
Suraksha Neurosurgery - Search,chennai,Broad
Suraksha Neurosurgery - Search,mumbai,Broad
Suraksha Neurosurgery - Search,delhi,Broad
Suraksha Emergency - Call Only,free,Broad
Suraksha Emergency - Call Only,jobs,Broad
Suraksha Emergency - Call Only,salary,Broad
Suraksha Emergency - Call Only,course,Broad
Suraksha Emergency - Call Only,medical college,Broad
Suraksha Emergency - Call Only,veterinary,Broad
Suraksha Emergency - Call Only,dental,Broad
Suraksha Emergency - Call Only,ambulance service,Broad
Suraksha Emergency - Call Only,ambulance number,Broad
Suraksha Emergency - Call Only,fire,Broad
Suraksha Emergency - Call Only,police,Broad
Suraksha Emergency - Call Only,hyderabad,Broad
Suraksha Emergency - Call Only,wikipedia,Broad
Suraksha Brand Awareness - PMax,jobs,Broad
Suraksha Brand Awareness - PMax,salary,Broad
Suraksha Brand Awareness - PMax,course,Broad
Suraksha Brand Awareness - PMax,medical college,Broad
Suraksha Brand Awareness - PMax,veterinary,Broad
